{
  "version": 1,
  "override_margin": 0.11935714285714286,
  "total_observations": 15,
  "composite_weights": {
    "rerank": 0.2941197954711468,
    "domain": 0.23498904309715118,
    "safety": 0.2138056975894814,
    "tts": 0.1247626004382761,
    "emotion_arc": 0.1323228634039445
  }
}