{
  "version": 1,
  "override_margin": 0.11935714285714286,
  "total_observations": 45,
  "composite_weights": {
    "rerank": 0.24637834367777936,
    "domain": 0.22285152431669533,
    "safety": 0.249974449786982,
    "tts": 0.12567246146683955,
    "emotion_arc": 0.15512322075170365
  }
}