{
  "stability": 0.49500000000000005,
  "similarity_boost": 0.773,
  "style": 0.16400000000000003,
  "use_speaker_boost": true,
  "prosody_rate_percent": 101.5,
  "prosody_pitch_percent": 98.94999999999999,
  "break_after_ms": 608.0
}